date,predicted_roberta,RateDiff,prev_decision,Employ_diff_year,Rsales_diff_year,Unemp_diff_year,Employ_diff_prev,GDP_diff_year,PCE_diff_prev,Unemp_diff_prev,Hsales_diff_year,GDP_diff_prev,Taylor,next_decision
1982-10-05,-0.5,-0.5,0,-2294.0,2.0043169598760335,-2.5,-180.0,-1.010745237714152,0.4604009797695794,-0.29999999999999893,42.30769230769231,0.4561771284759324,11.061998752351892,-1
1982-11-16,0.0,-0.5,-1,-2473.0,2.0043169598760335,-2.5,-276.0,-2.5560417516138014,0.3702449486398046,-0.3000000000000007,34.831460674157306,-0.38226683578681975,10.04577908396059,0
1982-12-21,1.0,0.0,-1,-2385.0,2.0043169598760335,-2.5,-121.0,-2.5560417516138014,0.6342922692818023,-0.40000000000000036,45.0261780104712,-0.38226683578681975,10.10563833138382,0
1983-02-09,0.0,0.0,0,-1575.0,2.0043169598760335,-1.8000000000000007,219.0,-1.4431837563933998,0.3184429697590538,0.40000000000000036,58.152173913043484,0.040008787962467575,9.324122703184258,1
1983-03-29,0.0,0.125,0,-1646.0,2.0043169598760335,-1.5,-73.0,-1.4431837563933998,0.6836999711425333,0.0,53.97260273972603,0.040008787962467575,9.435454091664274,0
1983-05-24,-1.0,0.125,0,-786.0,2.0043169598760335,-0.8999999999999986,274.0,1.4314731652409434,0.12740252608456856,0.10000000000000142,88.20058997050147,1.3177904101376006,9.194629786437,1
1983-07-13,0.5,0.25,1,156.0,2.0043169598760335,-0.5,377.0,1.4314731652409434,0.14435379803591897,0.0,75.94594594594595,1.3177904101376006,8.418184026412503,0
1983-08-23,1.0,0.0,1,916.0,2.0043169598760335,0.40000000000000036,416.0,3.2684796870258483,0.4673815711883256,0.6999999999999993,61.6,2.2755202453599783,9.093560547320932,0
1983-10-04,0.5,0.0,0,2064.0,2.0043169598760335,0.9000000000000004,1118.0,3.2684796870258483,0.5160760942324658,0.3000000000000007,26.403326403326403,2.2755202453599783,9.22096012945218,0
1983-11-15,0.0,0.0,0,2613.0,2.0043169598760335,1.5999999999999996,273.0,5.736967079109199,0.4038668098818526,0.3999999999999986,31.666666666666664,1.9989546084432541,9.85734245686743,0
1983-12-20,0.0,0.0,0,3089.0,2.0043169598760335,2.3000000000000007,355.0,5.736967079109199,0.17758569044460268,0.3000000000000007,16.24548736462094,1.9989546084432541,9.1417051639473,0
1984-01-31,0.0,0.0,0,3459.0,2.0043169598760335,2.5,355.0,7.899663970222691,0.2328015206851664,0.1999999999999993,48.368522072936656,2.0861826282885443,8.929024843465445,0
1984-03-27,0.0,1.125,0,4240.0,2.0043169598760335,2.6000000000000005,484.0,7.899663970222691,0.33216224848291026,0.20000000000000018,23.843416370106763,2.0861826282885443,8.61649865454008,0
1984-05-22,0.0,0.0,1,4428.0,2.0043169598760335,2.499999999999999,363.0,8.57804511473276,0.37960268252562257,0.09999999999999964,0.1567398119122257,1.9547903421914072,9.824558550239486,1
1984-07-17,0.0,0.25,0,4458.0,2.0043169598760335,2.8999999999999995,381.0,8.57804511473276,0.23211074400902743,0.20000000000000018,-3.225806451612903,1.9547903421914072,10.224176884275552,0
1984-08-21,0.0,0.0,1,4352.0,2.0043169598760335,1.9000000000000004,310.0,7.9965319214381365,0.23574572841257493,-0.2999999999999998,2.145214521452145,1.7277615864994111,10.297359192018801,0
1984-10-02,0.0,0.0,0,4903.0,2.0043169598760335,2.0,243.0,7.9965319214381365,0.3295131908896834,0.0,-0.8741258741258742,1.7277615864994111,9.629025894916566,-1
1984-11-07,0.0,-0.5,0,4109.0,2.0043169598760335,1.4000000000000004,285.0,6.9007322261639175,0.15285466413285562,-0.10000000000000053,8.702531645569621,0.9640100468944803,9.295648918522156,-1
1984-12-18,0.0,-0.25,-1,4107.0,2.0043169598760335,1.2999999999999998,353.0,6.9007322261639175,0.22480716082993393,0.20000000000000018,-7.298136645962733,0.9640100468944803,9.368999985770929,0
1985-02-13,0.0,0.125,0,3699.0,2.0043169598760335,0.7000000000000002,265.0,5.575643773964916,0.3963201774200128,0.0,-6.657018813314037,0.8207729448110398,9.818297576940429,1
1985-03-26,0.0,0.125,1,3346.0,2.0043169598760335,0.5999999999999996,131.0,5.575643773964916,0.5604303450532836,0.09999999999999964,-2.0114942528735633,0.8207729448110398,10.173561329070756,0
1985-05-21,0.0,0.0,1,3246.0,2.0043169598760335,0.40000000000000036,196.0,4.55482226357266,0.35006070416835655,-0.09999999999999964,-2.97339593114241,0.9689792275401007,10.004006074984247,-1
1985-07-10,0.0,-0.0625,0,2980.0,2.0043169598760335,-0.20000000000000018,147.0,4.55482226357266,0.3443970031418661,-0.20000000000000018,14.603174603174605,0.9689792275401007,9.631482872381344,1
1985-08-20,0.0,0.0625,-1,2859.0,2.0043169598760335,0.09999999999999964,189.0,3.6839877313373326,0.3311723501194211,0.0,23.747980613893375,0.8804735728178982,9.778205361136537,0
1985-10-01,0.5,0.0,0,2808.0,2.0043169598760335,0.40000000000000036,192.0,3.6839877313373326,0.49068496429569197,0.3000000000000007,28.04232804232804,0.8804735728178982,9.562570509120281,0
1985-11-05,0.0,0.0,0,2604.0,2.0043169598760335,0.3000000000000007,188.0,4.262423409248015,0.20643112346168954,0.0,-4.657933042212519,1.527271422868788,10.211217743930476,-1
1985-12-17,-0.5,-0.25,0,2461.0,2.0043169598760335,0.20000000000000018,210.0,4.262423409248015,0.16044687425718238,0.09999999999999964,22.780569514237854,1.527271422868788,10.110924564364508,0
1986-02-12,-0.5,0.0,-1,2360.0,2.0043169598760335,0.5999999999999996,123.0,4.182460058948104,0.27224841681626805,0.2999999999999998,13.643410852713178,0.7434491447220174,9.90020549106666,1
1986-04-01,0.0,0.0625,0,2344.0,2.0043169598760335,0.0,115.0,4.182460058948104,0.2583119704115338,-0.5,6.744868035190615,0.7434491447220174,9.867102883072462,-1
1986-05-20,0.0,0.0625,-1,2083.0,2.0043169598760335,0.20000000000000018,187.0,4.1461071657290685,0.30449124587669263,0.10000000000000053,38.225806451612904,0.9337476298391348,9.425687407401874,-1
1986-07-09,0.0,-0.5,1,1696.0,2.0043169598760335,0.20000000000000018,-93.0,4.1461071657290685,0.1709335301658851,0.0,0.8310249307479225,0.9337476298391348,9.253088202235187,-1
1986-08-19,0.0,-0.5,-1,1825.0,2.0043169598760335,0.40000000000000036,318.0,3.70200454595495,0.3005623424471614,0.20000000000000018,-8.87728459530026,0.4502963552820644,9.008339025497733,0
1986-09-23,0.0,0.0,-1,1748.0,2.0043169598760335,0.1999999999999993,115.0,3.70200454595495,0.18173030449492739,0.09999999999999964,-14.46280991735537,0.4502963552820644,8.83757689526131,0
1986-11-05,0.0,0.0,0,1888.0,2.0043169598760335,0.09999999999999964,187.0,3.1191787285773867,0.3293211362542116,0.0,2.1374045801526718,0.9566680366350611,8.6478446540595,0
1986-12-16,0.0,0.0,0,1865.0,2.0043169598760335,0.09999999999999964,187.0,3.1191787285773867,0.3397573710073839,0.09999999999999964,-3.547066848567531,0.9566680366350611,8.924954106408906,0
1987-02-11,0.0,0.0,0,1946.0,2.0043169598760335,0.10000000000000053,169.0,2.907239667621413,0.12981062919975153,0.0,-3.2742155525238745,0.5363928796076678,8.513264969278286,0
1987-03-31,0.0,0.0,0,2072.0,2.0043169598760335,0.6000000000000005,241.0,2.907239667621413,0.24021962937543806,0.0,0.5494505494505495,0.5363928796076678,8.053117101868526,1
1987-05-19,0.0,0.25,1,2378.0,2.0043169598760335,0.7999999999999998,335.0,2.7115848244059064,0.29609945904906293,0.2999999999999998,-14.23570595099183,0.7418449354178872,7.9234886062640015,0
1987-07-07,0.0,0.0,1,2745.0,2.0043169598760335,1.0,172.0,2.7115848244059064,0.2807877131819484,0.09999999999999964,-12.5,0.7418449354178872,8.467077412541494,0
1987-08-18,0.5,0.0,0,2774.0,2.0043169598760335,0.9000000000000004,347.0,3.3536006728774934,0.27436388920209115,0.10000000000000053,-5.730659025787966,1.0781776439800335,8.565315908022217,1
1987-09-22,1.0,0.0625,0,2832.0,2.0043169598760335,0.9000000000000004,173.0,3.3536006728774934,0.2586206896551689,0.09999999999999964,5.797101449275362,1.0781776439800335,8.684081349814335,0
1987-11-03,0.5,-0.5,0,2713.0,2.0043169598760335,1.0999999999999996,227.0,3.261985972320843,0.3968032191359767,0.09999999999999964,-12.7129750982962,0.8671780251486915,9.034810938069743,0
1987-12-16,1.0,0.0,-1,3064.0,2.0043169598760335,1.1000000000000005,234.0,3.261985972320843,0.42677948489571155,0.20000000000000018,-11.598302687411598,0.8671780251486915,9.169386983877416,0
1988-02-10,0.0,-0.125,0,3075.0,2.0043169598760335,0.8999999999999995,92.0,4.474555651430424,0.2101963676592555,0.0,-17.48942172073343,1.7169568645530826,9.752104917331234,1
1988-03-29,0.0,0.25,-1,3295.0,2.0043169598760335,0.8999999999999995,461.0,4.474555651430424,0.47286978601263135,0.0,-9.426229508196721,1.7169568645530826,10.11283478618536,0
1988-05-17,0.0,0.0,1,3233.0,2.0043169598760335,0.8999999999999995,243.0,4.241257896544846,0.4276472093278165,0.2999999999999998,-4.8979591836734695,0.516882540508269,10.19985339240289,1
1988-06-30,0.0,0.0625,0,3234.0,2.0043169598760335,0.7000000000000002,230.0,4.241257896544846,0.4858785849468682,-0.1999999999999993,5.0691244239631335,0.516882540508269,10.296106642124322,1
1988-08-16,0.0,0.0,1,3303.0,2.0043169598760335,0.6999999999999993,224.0,4.484493225777186,0.4223293085711224,0.0,3.1914893617021276,1.3140322788294971,10.901472073969384,0
1988-09-20,0.0,0.0,0,3254.0,2.0043169598760335,0.40000000000000036,124.0,4.484493225777186,0.4079725382361997,-0.1999999999999993,4.71841704718417,1.3140322788294971,11.134473855537774,0
1988-11-01,0.0,0.0,0,3366.0,2.0043169598760335,0.5,339.0,4.193200105129616,0.5356473297980686,0.1999999999999993,5.555555555555555,0.5859696453140972,10.919029014039001,1
1988-12-14,0.0,0.3125,1,3245.0,2.0043169598760335,0.5,341.0,4.193200105129616,0.38005931766920387,0.10000000000000053,0.48,0.5859696453140972,11.062559105013996,1
1989-02-08,0.0,0.125,1,3408.0,2.0043169598760335,0.2999999999999998,263.0,3.799338836732078,0.3317100712823687,-0.10000000000000053,22.905982905982906,1.3324560563641779,11.643171573859417,0
1989-03-28,0.0,0.0,1,3213.0,2.0043169598760335,0.5,266.0,3.799338836732078,0.5064715813168329,0.20000000000000018,-6.184012066365008,1.3324560563641779,11.695658456844201,1
1989-05-16,0.0,0.0625,0,3059.0,2.0043169598760335,0.20000000000000018,170.0,4.315163209999848,0.2984449447615172,-0.20000000000000018,-13.01859799713877,1.016394950898879,11.689676788494927,0
1989-07-06,0.0,-0.25,-1,2701.0,2.0043169598760335,0.10000000000000053,114.0,4.315163209999848,0.29829520819964456,-0.09999999999999964,-10.460251046025103,1.016394950898879,11.389627076032566,-1
1989-08-22,0.0,0.0,-1,2519.0,2.0043169598760335,0.20000000000000018,42.0,3.7479108262349077,0.2662839555271272,0.09999999999999964,7.658321060382916,0.7630996574299758,11.124699020151853,0
1989-10-03,0.0,0.0,0,2446.0,2.0043169598760335,0.39999999999999947,51.0,3.7479108262349077,0.13932847117104025,0.0,1.308139534883721,0.7630996574299758,10.719129053833802,-1
1989-11-14,0.5,0.0,-1,2200.0,2.0043169598760335,0.10000000000000053,107.0,3.9075419072247026,0.3469776869299314,0.0,-10.167130919220057,0.7407356250722936,10.387157500856347,-1
1989-12-19,0.5,-0.25,0,2135.0,2.0043169598760335,-0.10000000000000053,276.0,3.9075419072247026,0.3628956332700034,-0.10000000000000053,8.9171974522293,0.7407356250722936,10.360547428168758,0
1990-02-07,0.5,0.0,-1,2027.0,2.0043169598760335,0.0,352.0,2.743211930028766,0.2840764114515141,0.0,-13.76912378303199,0.19698105538052632,9.969183830253556,0
1990-03-27,0.0,0.0,0,2005.0,2.0043169598760335,-0.09999999999999964,244.0,2.743211930028766,0.3850459680428754,0.10000000000000053,-4.983922829581994,0.19698105538052632,9.781302594121323,0
1990-05-15,0.0,0.0,0,1879.0,2.0043169598760335,-0.20000000000000018,34.0,2.821006526483298,0.48093092083136185,-0.20000000000000018,-10.855263157894738,1.0928820446238512,10.583463085609647,0
1990-07-03,0.0,0.0,0,1920.0,2.0043169598760335,-0.20000000000000018,163.0,2.821006526483298,0.30534605886671534,0.0,-18.597560975609756,1.0928820446238512,10.535430273829633,0
1990-08-21,0.0,0.0,0,1754.0,2.0043169598760335,-0.2999999999999998,-34.0,2.4127049641931224,0.38925392996755326,-0.2999999999999998,-25.85499316005472,0.36297003021481544,10.552955824828764,0
1990-10-02,0.0,0.0,0,1489.0,2.0043169598760335,-0.5,-214.0,2.4127049641931224,0.41652204095800477,-0.20000000000000018,-24.2467718794835,0.36297003021481544,10.977139521358172,-1
1990-11-13,0.0,-0.25,0,897.0,2.0043169598760335,-0.6000000000000005,-148.0,1.7273622503686816,0.3489539611212669,0.0,-27.906976744186046,0.06658167932799453,10.686103047074077,-1
1990-12-18,0.0,-0.25,-1,468.0,2.0043169598760335,-0.7999999999999998,-153.0,1.7273622503686816,0.33953907979987474,-0.2999999999999998,-27.923976608187136,0.06658167932799453,10.649673540098934,-1
1991-02-06,0.0,0.0,-1,-138.0,2.0043169598760335,-1.0,-122.0,0.6030627340393421,0.13878457368644623,-0.10000000000000053,-35.32258064516129,-0.9104045569679944,9.431087467027785,0
1991-03-26,0.0,0.0,0,-701.0,2.0043169598760335,-1.2999999999999998,-319.0,0.6030627340393421,0.49893202458788766,-0.1999999999999993,-18.44331641285956,-0.9104045569679944,9.608122640494663,0
1991-05-14,1.0,0.0,0,-1319.0,2.0043169598760335,-1.2999999999999998,-217.0,-0.9501973946258376,0.20871422330803593,0.09999999999999964,-6.273062730627306,-0.4679406451076106,8.327322856386573,0
1991-07-03,1.0,0.0,0,-1584.0,2.0043169598760335,-1.5,-102.0,-0.9501973946258376,0.39800193361263275,-0.20000000000000018,-3.1835205992509366,-0.4679406451076106,8.319382039868922,-1
1991-08-20,0.0,0.0,-1,-1533.0,2.0043169598760335,-1.2999999999999998,-47.0,-0.5389307958117143,0.21666907410082015,0.10000000000000053,-5.719557195571956,0.7796890568610202,8.14493748558327,-1
1991-10-01,0.0,0.0,-1,-1308.0,2.0043169598760335,-1.2000000000000002,11.0,-0.5389307958117143,0.27462000255461133,-0.10000000000000053,-0.3787878787878788,0.7796890568610202,8.226080929064514,-1
1991-11-05,0.0,-0.25,-1,-1012.0,2.0043169598760335,-1.0999999999999996,27.0,-0.10280887034219573,0.39965607286159743,-0.09999999999999964,12.688172043010754,0.505358686516086,8.041846704182745,0
1991-12-17,0.0,-0.5,0,-919.0,2.0043169598760335,-0.7999999999999998,-60.0,-0.10280887034219573,0.2204424708587787,0.0,16.63286004056795,0.505358686516086,7.85770273283685,0
1992-02-05,0.0,0.0,0,-683.0,2.0043169598760335,-0.8999999999999995,34.0,1.1664011655910604,0.2463987869598274,0.0,68.5785536159601,0.34854484461858143,8.002410987680033,0
1992-03-31,0.0,0.0,0,-418.0,2.0043169598760335,-0.8000000000000007,-54.0,1.1664011655910604,0.27257830717841225,-0.10000000000000053,32.572614107883815,0.34854484461858143,7.652794254146329,0
1992-05-19,0.0,0.0,0,164.0,2.0043169598760335,-0.7000000000000002,155.0,2.85893691224886,0.24916162597548958,0.0,7.480314960629922,1.1972522099874336,8.003503562144164,-1
1992-07-01,0.0,-0.5,0,399.0,2.0043169598760335,-0.6999999999999993,133.0,2.85893691224886,0.14022404686597573,-0.1999999999999993,7.156673114119923,1.1972522099874336,8.201509822783272,0
1992-08-18,0.0,0.0,-1,509.0,2.0043169598760335,-0.9000000000000004,82.0,3.1698358145113756,0.07779316353678396,0.09999999999999964,22.700587084148726,1.0843032755055897,7.823235457731263,0
1992-10-06,0.0,0.0,0,621.0,2.0043169598760335,-0.6999999999999993,33.0,3.1698358145113756,0.09137936375181596,0.0,33.47022587268994,1.0843032755055897,7.653887474192906,0
1992-11-17,0.0,0.0,0,774.0,2.0043169598760335,-0.2999999999999998,180.0,3.6653854414522833,0.1624758220502963,0.2999999999999998,18.51145038167939,0.9881101865980487,7.4693199320078865,0
1992-12-22,0.0,0.0,0,978.0,2.0043169598760335,-0.40000000000000036,144.0,3.6653854414522833,0.38467480302795487,-0.10000000000000053,6.782608695652175,0.9881101865980487,7.721656202729255,0
1993-02-03,0.0,0.0,0,1169.0,2.0043169598760335,-0.10000000000000053,223.0,4.382645388993275,0.18580795749452453,0.0,16.48745519713262,1.042855599404867,7.881657907719067,0
1993-03-23,0.5,0.0,0,1731.0,2.4763673193787983,0.3000000000000007,250.0,4.382645388993275,0.2912234450200756,0.20000000000000018,-5.477308294209703,1.042855599404867,7.910329190769282,0
1993-05-18,0.5,0.0,0,1780.0,4.026033379599851,0.3000000000000007,303.0,3.3199058070509913,0.21813078694876314,-0.09999999999999964,28.388278388278387,0.16694372234021257,7.505092202111976,0
1993-07-07,0.25,0.0,0,2034.0,4.151271279377773,0.7999999999999998,181.0,3.3199058070509913,0.3384377229060099,0.09999999999999964,9.563758389261745,0.16694372234021257,7.7522440485684445,0
1993-08-17,0.0,0.0,0,2261.0,5.072074191055409,0.7999999999999998,309.0,2.806668207145946,0.0952899537163118,0.09999999999999964,4.4657097288676235,0.5821709439287474,7.748372182984763,0
1993-09-21,-0.5,0.0,0,2287.0,4.717392763643686,0.7999999999999998,149.0,2.806668207145946,0.20702056605767294,0.10000000000000053,1.4150943396226416,0.5821709439287474,7.485840685803767,0
1993-11-16,-0.25,0.0,0,2598.0,4.313487746339681,0.5,278.0,2.2865117406066107,0.1505162708088659,-0.09999999999999964,13.365539452495975,0.477154822775699,7.530351093865152,0
1993-12-21,-0.4,0.0,0,2710.0,5.151238158550773,0.8000000000000007,256.0,2.2865117406066107,0.16381616519884706,0.20000000000000018,25.2442996742671,0.477154822775699,7.191114754958585,1
1994-02-04,-0.3333333333333333,0.25,0,2804.0,3.200815494393476,0.7000000000000002,275.0,2.607710759938204,0.044897409419478194,-0.09999999999999964,3.859060402684564,1.360149302911899,7.388441221335287,0
1994-03-22,0.0,0.25,0,2735.0,5.59161216993098,0.5,181.0,2.607710759938204,0.07928316055587559,0.0,13.57615894039735,1.360149302911899,7.063646104049846,1
1994-04-18,0.25,0.25,0,3248.0,8.313304114237239,0.5,461.0,2.607710759938204,0.21673492571222985,0.09999999999999964,24.086378737541526,1.360149302911899,7.102982271913232,1
1994-05-17,0.0,0.5,1,3292.0,5.920447796408842,0.6999999999999993,347.0,3.4307069360431757,0.34005995793996546,0.09999999999999964,-1.2838801711840229,0.9703629882517011,7.451413489717271,0
1994-07-06,0.0,0.0,1,3486.0,5.765290005912703,0.9000000000000004,314.0,3.4307069360431757,0.2226312039895385,0.0,-4.900459418070445,0.9703629882517011,7.059080570363751,0
1994-08-16,0.0,0.5,0,3547.0,4.375529652547929,0.8000000000000007,370.0,4.2256106898322665,0.2221366584723006,0.0,-4.122137404580153,1.3551826308451322,7.607126773093295,0
1994-09-27,-0.2,0.0,1,3690.0,5.492876488405263,0.7999999999999998,292.0,4.2256106898322665,0.20982327560729935,0.09999999999999964,1.7054263565891472,1.3551826308451322,7.611417183221184,1
1994-11-15,-0.2,0.75,0,3724.0,6.3491684380647575,1.0,203.0,4.337048254936141,0.15170707278992904,0.10000000000000053,1.5625,0.5845845553328577,7.4700375210947305,0
1994-12-20,0.0,0.0,1,3883.0,5.368305423624338,1.0,415.0,4.337048254936141,0.23530449872788003,0.20000000000000018,-15.99479843953186,0.5845845553328577,7.579442120288399,0
1995-02-01,0.0,0.5,0,3851.0,4.947060254770071,1.0,302.0,4.116167021429891,0.03368384054364305,0.09999999999999964,-22.536945812807883,1.1455701559946796,7.715810172538697,0
1995-03-28,0.0,0.0,0,3913.0,2.553762392455715,1.1999999999999993,188.0,4.116167021429891,0.24888368347849715,0.1999999999999993,-18.513119533527696,1.1455701559946796,7.9583650681110285,0
1995-05-23,0.6,0.0,0,3478.0,1.7220984714647822,0.6000000000000005,158.0,3.481405627291996,0.24494437721432946,-0.39999999999999947,-10.260115606936417,0.35478050754205265,7.592207567680371,-1
1995-07-06,0.4,-0.25,0,3048.0,3.26387452998522,0.5,235.0,3.481405627291996,0.1697743597184796,0.0,16.74718196457327,0.35478050754205265,7.637697126993292,0
1995-08-22,0.0,0.0,-1,2770.0,2.857799394891042,0.39999999999999947,92.0,2.4023751008017036,0.08691621277089216,-0.10000000000000053,21.81528662420382,0.2983228460971292,7.262998196523609,0
1995-09-26,0.0,0.0,0,2740.0,2.5946997030071475,0.2999999999999998,262.0,2.4023751008017036,0.1577606669368301,0.0,6.859756097560976,0.2983228460971292,7.183437244602436,0
1995-11-15,0.2,0.0,0,2572.0,0.55022383255229,0.2999999999999998,149.0,2.6733258155179764,0.13118629896059217,0.09999999999999964,-2.6573426573426575,0.8507255022384287,7.4529615769591215,-1
1995-12-19,0.3333333333333333,-0.25,0,2296.0,1.8217682176821768,0.0,139.0,2.6733258155179764,0.2433125053989417,-0.09999999999999964,2.786377708978328,0.8507255022384287,7.465202875593714,-1
1996-01-31,0.2,-0.25,-1,2151.0,2.2436280962067725,-0.09999999999999964,157.0,2.199791629949528,0.06463010039209173,0.0,12.71860095389507,0.6790820510536362,7.283538641965808,0
1996-03-26,0.25,0.0,-1,2042.0,4.03264449295314,-0.09999999999999964,416.0,2.199791629949528,0.11322918159668587,0.09999999999999964,37.567084078711986,0.6790820510536362,7.2487517307519305,0
1996-05-21,0.42857142857142855,0.0,0,2091.0,3.8457472514195965,0.20000000000000018,166.0,2.6013098466592353,0.23162710895053779,-0.09999999999999964,18.51851851851852,0.7490501226268079,7.207921089140413,0
1996-07-03,0.125,0.0,0,2439.0,3.62891140151061,0.0,333.0,2.6013098466592353,0.17379660099434432,0.0,10.682492581602373,0.7490501226268079,7.06575486743413,0
1996-08-20,-0.125,0.0,0,2638.0,2.610100829572703,0.20000000000000018,245.0,4.0023794842237175,0.0767929009229398,-0.20000000000000018,0.6535947712418301,1.667944101891285,7.502581831207984,0
1996-09-24,0.3333333333333333,0.0,0,2562.0,1.897548660314358,0.6000000000000005,186.0,4.0023794842237175,0.18757193810124734,0.40000000000000036,17.83166904422254,1.667944101891285,7.548056071153654,0
1996-11-13,0.2,0.0,0,2634.0,4.033741075217582,0.2999999999999998,261.0,4.050134887177732,0.30326219425785594,0.0,3.4482758620689653,0.8970337411311239,7.617139949288676,0
1996-12-17,0.23076923076923078,0.0,0,2781.0,2.5574354932565315,0.1999999999999993,286.0,4.050134887177732,0.23735518508052011,-0.20000000000000018,16.114457831325304,0.8970337411311239,7.608055991941572,0
1997-02-05,0.29411764705882354,0.0,0,3045.0,3.9249551539590533,0.2999999999999998,218.0,4.421452442981122,0.03800622175926722,0.10000000000000053,16.246498599439775,1.0383695301930125,7.640578811907098,1
1997-03-25,0.15384615384615385,0.25,0,2941.0,3.1978593205097274,0.2999999999999998,312.0,4.421452442981122,0.10693983227332642,0.09999999999999964,4.161248374512354,1.0383695301930125,7.63098014597675,0
1997-05-20,0.0,0.0,1,3128.0,2.1428831121614254,0.5,295.0,4.314068944306982,0.23846261747788958,0.10000000000000053,1.0869565217391304,0.6454431985977485,7.634090155419827,0
1997-07-02,0.09090909090909091,0.0,0,3062.0,0.8091164795117823,0.6999999999999993,267.0,4.314068944306982,0.07262569832403172,0.1999999999999993,1.876675603217158,0.6454431985977485,7.571794741707656,0
1997-08-19,0.23076923076923078,0.0,0,3097.0,3.4777307661603447,0.5999999999999996,296.0,4.311271715951879,0.14793725227487653,0.09999999999999964,4.545454545454546,1.6652178305558363,8.057089573402266,0
1997-09-30,0.38095238095238093,0.0,0,2891.0,3.6132585445245295,0.2999999999999998,-20.0,4.311271715951879,0.06828506926057945,0.10000000000000053,-1.331719128329298,1.6652178305558363,7.874979358503989,0
1997-11-12,-0.1,0.0,0,3261.0,1.8449207428346512,0.5,347.0,4.674702492340355,0.2075844966424265,0.20000000000000018,11.11111111111111,1.2485689750959301,7.699134392007351,0
1997-12-16,0.18181818181818182,0.0,0,3280.0,2.35432691962394,0.8000000000000007,305.0,4.674702492340355,0.15154253618251096,0.10000000000000053,12.062256809338521,1.2485689750959301,7.568639246324165,0
1998-02-04,0.24,0.0,0,3450.0,1.9643226510509912,0.7000000000000002,262.0,4.483552816031212,0.05828638041575866,0.10000000000000053,5.0602409638554215,0.8538602727445539,7.4099806946051245,0
1998-03-31,0.19047619047619047,0.0,0,3344.0,1.3191359730221817,0.6000000000000005,206.0,4.483552816031212,0.15256588072121977,0.0,8.114856429463172,0.8538602727445539,7.479339419720941,0
1998-05-19,0.0625,0.0,0,3163.0,3.5729540406629083,0.7999999999999998,283.0,4.855526883310865,0.10654195262342009,0.40000000000000036,16.397849462365592,1.0037531320823374,7.131323780976266,0
1998-07-01,0.5454545454545454,0.0,0,3296.0,4.579752973073778,0.5,400.0,4.855526883310865,0.09657570155349933,-0.10000000000000053,16.710526315789473,1.0037531320823374,7.113010218831867,0
1998-08-18,0.2222222222222222,0.0,0,3096.0,2.0261882552618475,0.40000000000000036,130.0,4.092790086335225,-0.12542727974419476,0.0,8.819875776397515,0.9256878799963015,6.7187809149848725,0
1998-09-29,-0.1111111111111111,-0.25,0,3455.0,1.4431471547280952,0.2999999999999998,339.0,4.092790086335225,0.2815307544748316,0.0,3.8036809815950923,0.9256878799963015,7.041562724480671,-1
1998-10-15,0.15384615384615385,-0.25,-1,3168.0,2.1200646728213166,0.3000000000000007,198.0,4.092790086335225,0.19541732608545503,-0.09999999999999964,2.857142857142857,0.9256878799963015,7.399638692420299,-1
1998-11-17,0.0,-0.25,-1,3026.0,3.9862837548221175,0.20000000000000018,205.0,4.103452727565772,-0.0164819316823938,0.09999999999999964,11.625,1.258940271371036,7.194773727501055,0
1998-12-22,0.18181818181818182,0.0,-1,2995.0,4.4600065959820645,0.1999999999999993,274.0,4.103452727565772,0.19506834260594258,0.09999999999999964,15.162037037037038,1.258940271371036,7.260750344996343,0
1999-02-03,0.1935483870967742,0.0,0,3048.0,4.952372953716729,0.2999999999999998,375.0,4.883126568525761,0.17272104180944559,0.0,19.672131147540984,1.6091965709581424,7.698170740250229,0
1999-03-30,0.391304347826087,0.0,0,3099.0,5.932944096773066,0.1999999999999993,414.0,4.883126568525761,0.14231758716954052,-0.10000000000000053,-2.0785219399538106,1.6091965709581424,7.682613941339085,0
1999-05-18,0.42105263157894735,0.0,0,3151.0,4.6016592091607045,0.0,364.0,4.81633679273398,0.03007313239013816,-0.09999999999999964,6.0046189376443415,0.9394337487217288,7.29933827242475,1
1999-06-30,0.3333333333333333,0.25,0,2963.0,5.24817733517143,0.20000000000000018,212.0,4.81633679273398,0.25691132459651,0.09999999999999964,0.11273957158962795,0.9394337487217288,7.410009635100868,1
1999-08-24,0.15,0.25,1,3214.0,6.166822481302243,0.20000000000000018,334.0,4.721885912228042,0.053108190917139614,0.0,2.73972602739726,0.8347428958686558,7.504298428312971,0
1999-10-05,0.16666666666666666,0.0,1,3036.0,6.73671368452797,0.39999999999999947,212.0,4.721885912228042,0.048909056326931724,0.0,-4.398148148148148,0.8347428958686558,7.1276099426407225,1
1999-11-16,0.25,0.25,0,3229.0,5.2471179706188416,0.40000000000000036,398.0,4.791118246732282,0.2647945465902711,0.10000000000000053,-2.3516237402015676,1.3258832295057676,7.600247819485525,0
1999-12-21,0.3333333333333333,0.0,1,3242.0,5.693672875788455,0.3000000000000007,287.0,4.791118246732282,0.17064615301270442,0.0,-13.266331658291458,1.3258832295057676,7.563162501752496,1
2000-02-02,0.3157894736842105,0.25,0,3181.0,6.61122855218496,0.40000000000000036,314.0,4.8235742707329665,0.1269686900613152,0.09999999999999964,-8.008429926238145,1.640667086568373,7.812234108565324,1
2000-03-21,0.4482758620689655,0.25,1,3002.0,5.618481848184818,0.3000000000000007,111.0,4.8235742707329665,0.24012518886250442,-0.09999999999999964,0.9433962264150944,1.640667086568373,7.96084606329946,1
2000-05-16,0.2,0.5,1,3286.0,4.21392243701786,0.5,279.0,4.2247448612330425,0.20560370892963994,0.20000000000000018,-8.387799564270153,0.3627934087263742,8.095987528028964,0
2000-06-28,0.1111111111111111,0.0,1,3296.0,3.3039001661724936,0.20000000000000018,222.0,4.2247448612330425,0.06571183349426911,-0.20000000000000018,-3.4909909909909906,0.3627934087263742,7.804485511007662,0
2000-08-22,0.08333333333333333,0.0,0,2804.0,2.214409199510499,0.2999999999999998,166.0,5.244456811135502,0.07630828547331507,0.0,-1.4444444444444444,1.8212878131352737,8.227316099658264,0
2000-10-03,0.2,0.0,0,2662.0,1.4749603488021166,0.10000000000000053,5.0,5.244456811135502,0.12812812812813298,-0.09999999999999964,-5.039193729003359,1.8212878131352737,8.423005890269952,0
2000-11-15,0.0,0.0,0,2173.0,2.2433242804219553,0.19999999999999973,-4.0,3.973172352551904,0.242598739019744,0.0,6.9954128440366965,0.10193258635609581,7.964257499867276,0
2000-12-19,-0.2,0.0,0,2087.0,0.7067362386633025,0.19999999999999973,201.0,3.973172352551904,0.13962208954430538,0.0,1.9698725376593278,0.10193258635609581,7.916941220544898,-1
2001-01-03,0.0,-0.5,0,2087.0,0.7067362386633025,0.19999999999999973,201.0,3.973172352551904,0.17660806288839903,0.0,1.9698725376593278,0.10193258635609581,8.039943249614808,-1
2001-01-31,-0.05,-0.5,-1,1938.0,-1.197840759112034,0.10000000000000009,165.0,2.905594309508691,0.17660806288839903,0.0,12.600229095074456,0.5970387927816617,8.039943249614808,-1
2001-03-20,0.07692307692307693,-0.5,-1,1665.0,-1.0111741619378547,-0.10000000000000053,87.0,2.905594309508691,0.372111501026294,0.0,12.5,0.5970387927816617,8.063736144944631,0
2001-04-18,0.09090909090909091,-0.5,0,1148.0,-2.4519825266729223,-0.2999999999999998,-32.0,2.905594309508691,0.1767903319436386,-0.09999999999999964,4.333333333333334,0.5970387927816617,8.109723462824876,-1
2001-05-15,-0.05,-0.5,-1,572.0,0.3713768687066123,-0.6000000000000005,-297.0,2.19750518567068,0.10404319768206705,-0.10000000000000053,8.085612366230679,-0.32779880764017266,7.391179764617118,-1
2001-06-27,-0.26666666666666666,-0.25,-1,306.0,0.15328812490143512,-0.2999999999999998,-44.0,2.19750518567068,0.15919167467009843,0.10000000000000053,3.267211201866978,-0.32779880764017266,7.534015363366739,-1
2001-08-21,0.125,-0.25,-1,-55.0,-0.19447242229021366,-0.5999999999999996,-125.0,0.9962983270431034,0.2232494615748302,-0.09999999999999964,-0.7891770011273956,0.62450293024383,7.562860040764065,0
2001-09-17,-0.2,-0.5,0,-207.0,0.38094032778586345,-0.8000000000000007,-147.0,0.9962983270431034,0.2581304541523661,-0.3000000000000007,2.1226415094339623,0.62450293024383,7.607749620929369,-1
2001-10-02,0.13333333333333333,-0.5,-1,-207.0,0.38094032778586345,-0.8000000000000007,-147.0,0.9962983270431034,0.04966346468012377,-0.3000000000000007,2.1226415094339623,0.62450293024383,7.487708757896529,-1
2001-11-06,0.08333333333333333,-0.5,-1,-900.0,4.144557128952243,-1.4,-313.0,0.48923629256109535,-0.5682337726803682,-0.2999999999999998,-6.645230439442658,-0.4006391953190693,5.684731627098507,-1
2001-12-11,-0.0625,-0.25,-1,-1411.0,2.0813480167871004,-1.6,-310.0,0.48923629256109535,0.7041698415617875,-0.20000000000000018,5.0,-0.4006391953190693,6.540661524082892,0
2002-01-30,0.2727272727272727,0.0,-1,-1733.0,1.2459165843652662,-1.8000000000000003,-157.0,0.48923629256109535,0.20351188457224137,-0.20000000000000018,-0.40691759918616477,-0.4006391953190693,6.5816661279591635,0
2002-03-19,0.375,0.0,0,-2053.0,1.1042084927459375,-1.5,-120.0,0.16731829373149246,0.055969177903878994,0.0,-1.557632398753894,0.27477544785908226,5.769761481084366,0
2002-05-07,0.2631578947368421,0.0,0,-1839.0,1.194185491368696,-1.5,-104.0,1.3372586567694487,0.11945259549715488,-0.20000000000000018,2.9702970297029703,0.83635865643241,5.8823092932480545,0
2002-06-26,0.3,0.0,0,-1779.0,-0.013226846719742013,-1.5,16.0,1.3372586567694487,0.2788224614187569,0.10000000000000053,10.508474576271185,0.83635865643241,6.064065433393642,0
2002-08-13,0.14285714285714285,0.0,0,-1588.0,2.3921653253446395,-1.2000000000000002,-100.0,1.3253787532159844,0.15889214711088173,0.0,8.636363636363637,0.6127065840058145,6.054160581664934,0
2002-09-24,0.045454545454545456,0.0,0,-1437.0,2.2069948055877755,-0.7999999999999998,4.0,1.3253787532159844,0.20378156679648546,0.09999999999999964,17.090069284064665,0.6127065840058145,5.97155155143065,-1
2002-11-06,0.23529411764705882,-0.5,0,-831.0,-3.638939974072176,-0.40000000000000036,123.0,2.1465169830615425,0.1631447106429383,0.0,15.49942594718714,0.40651143003508405,7.171112448006932,0
2002-12-10,0.18181818181818182,0.0,-1,-524.0,-0.7146698979307957,-0.40000000000000036,-3.0,2.1465169830615425,0.08464577027651274,-0.20000000000000018,10.822510822510822,0.40651143003508405,6.225848060898848,0
2003-01-29,-0.09090909090909091,0.0,0,-515.0,1.102398639353693,-0.2999999999999998,-148.0,2.1465169830615425,0.09738845177991186,-0.09999999999999964,7.048008171603677,0.40651143003508405,6.0641179388786455,0
2003-03-18,-0.4,0.0,0,-289.0,-0.9710071623486509,-0.20000000000000018,-136.0,1.9925248221954677,0.06778620486781341,-0.10000000000000053,-1.2658227848101267,0.12360505255194891,5.911194999656088,0
2003-03-25,0.0,0.0,0,-289.0,-0.9710071623486509,-0.20000000000000018,-136.0,1.9925248221954677,0.06778620486781341,-0.10000000000000053,-1.2658227848101267,0.12360505255194891,5.911194999656088,0
2003-04-08,0.0,0.0,0,-488.0,1.1830455259026686,-0.20000000000000018,-210.0,1.9925248221954677,0.13803680981595615,0.0,8.234019501625136,0.12360505255194891,5.830140055345305,0
2003-05-06,0.08,0.0,0,-441.0,0.1645053355598458,-0.09999999999999964,-57.0,1.6792570124718333,0.16082095267269716,-0.09999999999999964,8.11965811965812,0.526641985805063,5.832626958064454,-1
2003-06-25,0.3076923076923077,-0.25,0,-436.0,2.087598505798535,-0.2999999999999998,21.0,1.6792570124718333,0.11086474501109068,-0.09999999999999964,10.224948875255624,0.526641985805063,5.576946767232734,0
2003-08-12,0.25,0.0,-1,-400.0,2.1571362157136216,-0.40000000000000036,-9.0,1.95506515247238,0.055926989856873846,0.09999999999999964,22.17573221757322,0.8856216728714981,5.606800872667452,0
2003-09-15,0.22727272727272727,0.0,0,-434.0,2.899471421610653,-0.39999999999999947,-30.0,1.95506515247238,0.2502604232831153,0.10000000000000053,18.93491124260355,0.8856216728714981,5.677439856570193,0
2003-09-16,0.23809523809523808,0.0,0,-434.0,2.899471421610653,-0.39999999999999947,-30.0,1.95506515247238,0.2502604232831153,0.10000000000000053,18.93491124260355,0.8856216728714981,5.677439856570193,0
2003-10-28,0.125,0.0,0,-246.0,3.61148201781606,-0.39999999999999947,99.0,1.95506515247238,0.11277957295824448,0.0,8.333333333333332,0.8856216728714981,5.549476971513836,0
2003-12-09,0.25,0.0,0,-136.0,3.844405561747729,0.10000000000000053,43.0,3.2311353875128903,0.18454382283793108,0.20000000000000018,6.73828125,1.6631999569710652,6.201699916320684,0
2004-01-28,0.037037037037037035,0.0,0,125.0,2.4930884981476558,0.2999999999999998,113.0,3.2311353875128903,0.13626040878121357,0.09999999999999964,7.729007633587787,1.6631999569710652,6.260863279711174,0
2004-03-16,0.5,0.0,0,379.0,5.170630816959669,0.3000000000000007,57.0,4.300440651057468,0.2567103325908965,0.10000000000000053,23.824786324786324,1.1607213981763227,6.888063926061084,0
2004-05-04,0.43333333333333335,0.0,0,1234.0,3.682586115001797,0.40000000000000036,271.0,4.341952085996711,0.1679197994987473,0.20000000000000018,17.193675889328063,0.5666514539569318,6.923784224318988,1
2004-06-30,0.3,0.25,0,1497.0,4.578522901870284,0.5,284.0,4.341952085996711,0.2602146771086126,0.0,15.120593692022263,0.5666514539569318,7.151724375391721,1
2004-08-10,0.3076923076923077,0.25,1,1666.0,2.2147386305027155,0.7000000000000002,60.0,4.227491217016895,0.15825150775059757,0.09999999999999964,-6.8493150684931505,0.7749523237421211,7.376496024568848,1
2004-09-21,0.15384615384615385,0.25,1,1783.0,1.0537420429888393,0.6999999999999993,87.0,4.227491217016895,0.11819007452195084,0.09999999999999964,-2.570480928689884,0.7749523237421211,7.174715325783946,1
2004-11-10,0.4166666666666667,0.25,1,1994.0,3.8798672740838693,0.5,351.0,3.494860356231756,0.18756598969009436,-0.09999999999999964,14.073426573426573,0.9485938887930854,7.285744274216961,1
2004-12-14,0.3333333333333333,0.25,1,2027.0,2.5448069508487685,0.39999999999999947,76.0,3.494860356231756,0.21697083911921883,0.09999999999999964,7.868252516010979,0.9485938887930854,7.335241500280239,1
2005-02-02,0.2727272727272727,0.25,1,2038.0,4.467830893445492,0.2999999999999998,124.0,3.351104943954788,0.1283871365965054,0.0,10.008857395925599,1.0202081286209543,7.642658935084327,1
2005-03-22,0.2,0.25,1,2211.0,3.7784492889176677,0.1999999999999993,255.0,3.351104943954788,0.3600093701068952,-0.10000000000000053,13.805004314063849,1.0202081286209543,7.800404193093235,1
2005-05-03,0.24242424242424243,0.25,1,2014.0,1.9890070314852313,0.5999999999999996,120.0,3.908843257252434,0.2465168759811536,0.20000000000000018,4.075235109717868,1.1093633541958179,8.16135537137532,1
2005-06-30,0.375,0.25,1,1993.0,1.9524312459803752,0.5,171.0,3.908843257252434,0.1150029974185599,0.10000000000000053,3.62610797743755,1.1093633541958179,7.93920280974423,1
2005-08-09,0.36363636363636365,0.25,1,2448.0,5.560535454572438,0.5,357.0,3.617735580161184,0.06951304284198852,0.0,27.66544117647059,0.49262445481072953,7.8514734651318845,1
2005-09-20,0.30434782608695654,0.25,1,2559.0,3.8406330074973907,0.5,198.0,3.617735580161184,0.1462415911085168,0.09999999999999964,6.808510638297872,0.49262445481072953,7.894377917098244,1
2005-11-01,0.7142857142857143,0.25,1,2469.0,1.1753973544787901,0.40000000000000036,56.0,3.448598847170803,0.22129542939824928,-0.09999999999999964,2.471169686985173,0.7838140345072884,8.057454401663104,1
2005-12-13,0.625,0.25,1,2492.0,2.522000994064848,0.40000000000000036,357.0,3.448598847170803,0.28753412192903727,0.0,2.9686174724342664,0.7838140345072884,8.216976262501714,1
2006-01-31,0.5789473684210527,0.25,1,2528.0,1.2979286283661233,0.5,160.0,2.9727366937912945,0.2552563451162548,0.09999999999999964,-0.24154589371980675,0.5555165396517299,8.278191959964362,1
2006-03-28,0.6086956521739131,0.25,1,2698.0,2.771390606043099,0.6000000000000005,306.0,2.9727366937912945,0.22420713846598056,-0.09999999999999964,-19.56027293404094,0.5555165396517299,8.02254858028348,1
2006-05-10,0.5,0.25,1,2695.0,2.487842776163209,0.5,171.0,3.2131067957182116,0.276180069405257,0.0,-10.873015873015873,1.3453837684874692,8.443390043662236,1
2006-06-29,0.08333333333333333,0.25,1,2560.0,2.55223103188842,0.5,36.0,3.2131067957182116,0.3053563089008316,0.10000000000000053,-15.552099533437014,1.3453837684874692,8.734774995976878,0
2006-08-08,0.08333333333333333,0.0,1,2225.0,-0.497688699935891,0.2999999999999998,194.0,2.9729038556202205,0.2524590944816292,-0.10000000000000053,-30.52555795536357,0.2587527634955503,8.926228617025945,0
2006-09-20,0.26666666666666666,0.0,0,2193.0,1.0944381294018861,0.20000000000000018,166.0,2.9729038556202205,0.09740336873113538,0.0,-17.52988047808765,0.2587527634955503,8.851179431331905,0
2006-10-25,0.125,0.0,0,2273.0,2.3038331714985896,0.5,136.0,2.9729038556202205,0.20411069445103366,0.20000000000000018,-18.327974276527332,0.2587527634955503,9.039574207508643,0
2006-12-12,0.0,0.0,0,2068.0,1.4407282350793942,0.5,221.0,2.3252779374244965,0.18090880068107532,-0.09999999999999964,-17.380560131795715,0.14995592563156762,8.572815173384384,0
2007-01-31,0.10526315789473684,0.0,0,2092.0,2.121241496501662,0.5,184.0,2.634560376343822,0.04721100960744784,0.09999999999999964,-19.451170298627925,0.8594498006118884,8.253769481247275,0
2007-03-21,0.15,0.0,0,1823.0,0.19675411918802385,0.2999999999999998,78.0,2.634560376343822,0.4052780395853067,0.09999999999999964,-21.960414703110274,0.8594498006118884,8.740914556103428,0
2007-05-09,0.16,0.0,0,1632.0,-0.13701091595166434,0.20000000000000018,62.0,1.5767249700146762,0.10069314349943626,-0.09999999999999964,-21.01513802315227,0.3008356667056531,8.449576956469354,0
2007-06-28,0.3076923076923077,0.0,0,1746.0,1.2460496613995486,0.1999999999999993,150.0,1.5767249700146762,0.14270007251970884,0.09999999999999964,-22.467771639042358,0.3008356667056531,8.200553528627424,0
2007-08-07,0.25,0.0,0,1520.0,0.6228205519478685,0.0,-30.0,1.9343747200181116,0.16566142072167236,-0.10000000000000053,-19.378238341968913,0.61176195799464,7.925972488057585,0
2007-08-10,0.5,0.0,0,1520.0,0.6228205519478685,0.0,-30.0,1.9343747200181116,0.16566142072167236,-0.10000000000000053,-19.378238341968913,0.61176195799464,7.925972488057585,0
2007-08-16,0.3,0.0,0,1520.0,0.6228205519478685,0.0,-30.0,1.9343747200181116,0.16566142072167236,-0.10000000000000053,-19.378238341968913,0.61176195799464,7.925972488057585,-1
2007-09-18,0.17857142857142858,-0.5,0,1329.0,1.0402129018041282,0.10000000000000053,-25.0,1.9343747200181116,0.15024633410592353,0.10000000000000053,-32.463768115942024,0.61176195799464,8.006733467862148,-1
2007-10-31,0.0625,-0.25,-1,1279.0,1.0124179387803527,-0.20000000000000018,86.0,2.3680360773066247,0.14885798018328153,-0.10000000000000053,-32.48031496062992,0.5760257959612383,7.9223350122524465,0
2007-12-06,-0.75,0.0,-1,1223.0,1.0356809517919192,-0.20000000000000018,118.0,2.3680360773066247,0.2605644404812849,0.0,-36.09172482552343,0.5760257959612383,8.271822258246342,-1
2007-12-11,0.0,-0.25,0,1223.0,1.0356809517919192,-0.20000000000000018,118.0,2.3680360773066247,0.2605644404812849,0.0,-36.09172482552343,0.5760257959612383,8.271822258246342,0
2008-01-21,0.0,-0.75,0,1145.0,-1.1558498846942025,-0.5999999999999996,106.0,2.3680360773066247,0.19635926815745902,-0.2999999999999998,-37.97595190380761,0.5760257959612383,8.500321768053796,-1
2008-01-30,-0.045454545454545456,-0.5,-1,1145.0,-1.1558498846942025,-0.5999999999999996,106.0,2.3680360773066247,0.19635926815745902,-0.2999999999999998,-37.97595190380761,0.5760257959612383,8.500321768053796,0
2008-03-10,-0.16666666666666666,0.0,-1,769.0,-1.9137440598753344,-0.40000000000000036,-76.0,2.1333646824578647,0.1990335941095281,0.09999999999999964,-28.381642512077292,0.628236731812622,8.368939597161486,-1
2008-03-18,-0.25,-0.75,0,769.0,-1.9137440598753344,-0.40000000000000036,-76.0,2.1333646824578647,0.1990335941095281,0.09999999999999964,-28.381642512077292,0.628236731812622,8.368939597161486,-1
2008-04-30,0.038461538461538464,-0.25,-1,474.0,-2.3595191501258035,-0.6999999999999993,-68.0,1.392471205518535,0.09759682178819623,-0.1999999999999993,-35.77430972388956,-0.42676432089947014,8.187981370733514,0
2008-06-25,-0.3,0.0,-1,-146.0,-2.6069071613305983,-1.0,-191.0,1.392471205518535,0.058386472655670846,-0.40000000000000036,-40.142517814726844,-0.42676432089947014,7.76227697890553,0
2008-08-05,0.1,0.0,0,-550.0,-3.819949561612905,-1.0999999999999996,-197.0,1.3760107660276268,0.2295594970248719,-0.20000000000000018,-38.688946015424165,0.5954282618129348,8.028941478546557,0
2008-09-16,-0.2,0.0,0,-808.0,-4.80360577998479,-1.5,-283.0,1.3760107660276268,0.18003646308113178,-0.2999999999999998,-37.76824034334764,0.5954282618129348,8.074547523323695,0
2008-10-07,-0.09090909090909091,-0.5,0,-1345.0,-6.288801637638847,-1.3999999999999995,-451.0,1.3760107660276268,0.12284173889304793,0.0,-36.88046647230321,0.5954282618129348,8.034706566328104,-1
2008-10-29,-0.3,-0.5,-1,-1345.0,-6.288801637638847,-1.3999999999999995,-451.0,1.3760107660276268,0.12284173889304793,0.0,-36.88046647230321,0.5954282618129348,8.034706566328104,-1
2008-12-16,0.0,-1.0,-1,-2746.0,-11.403147538064285,-2.0999999999999996,-748.0,0.265967272128689,-0.1418584593036452,-0.2999999999999998,-39.31357254290172,-0.5252580505168849,6.6751991759463625,0
2009-01-28,0.0,0.0,0,-3549.0,-11.256418802501427,-2.3,-697.0,0.265967272128689,-0.044322714823108594,-0.5,-39.09531502423263,-0.5252580505168849,6.308994710649236,0
2009-03-18,-0.13636363636363635,-0.5,0,-5012.0,-9.758273940947,-3.4000000000000004,-758.0,-2.5411536884212564,-0.03071357881445702,-0.5000000000000009,-37.268128161888704,-2.189026595298111,4.264090608302817,0
2009-04-29,0.0,0.0,-1,-5762.0,-11.138406917482678,-3.5999999999999996,-818.0,-2.5411536884212564,0.07965226098631481,-0.3999999999999986,-36.63551401869159,-2.189026595298111,4.236956401982571,0
2009-06-03,-0.07692307692307693,0.0,0,-6213.0,-10.54804589252696,-4.0,-668.0,-3.2342272930783187,0.22268931432142014,-0.3000000000000007,-37.12686567164179,-1.1348742974822976,3.5292637052728297,0
2009-06-24,0.17647058823529413,0.0,0,-6377.0,-10.19853374615838,-4.0,-355.0,-3.2342272930783187,0.22268931432142014,-0.40000000000000036,-25.396825396825395,-1.1348742974822976,3.5292637052728297,0
2009-08-12,0.0,0.0,0,-6831.0,-7.390882864784685,-3.7,-341.0,-3.978837405318722,0.12800326238403195,0.0,-13.836477987421384,-0.17865095063510567,2.9435191412790185,0
2009-09-23,-0.041666666666666664,0.0,0,-6729.0,-5.478341576888283,-3.5,-181.0,-3.978837405318722,0.08598063173138702,-0.09999999999999964,-3.9080459770114944,-0.17865095063510567,2.8016747571142293,0
2009-11-04,0.26666666666666666,0.0,0,-6232.0,-2.9836339714977806,-3.5,-178.0,-3.132815700686368,0.17607422205667297,-0.1999999999999993,0.7633587786259541,0.351192395175041,2.9543411923372145,0
2009-12-16,0.0,0.0,0,-5487.0,-0.4258660217957979,-3.1000000000000005,-3.0,-3.132815700686368,0.36842994760858344,0.09999999999999964,-3.5989717223650386,0.351192395175041,3.7264198291664616,0
2010-01-27,0.29411764705882354,0.0,0,-5041.0,1.3577944275047265,-2.6000000000000005,-251.0,-3.132815700686368,0.08755977638580517,0.0,-6.631299734748011,0.351192395175041,3.926785188940073,0
2010-03-16,0.03571428571428571,0.0,0,-3611.0,1.1396625381894705,-1.5,-98.0,0.10557252348298501,0.14792236317180374,0.0,-9.67741935483871,1.0809136508185786,4.778878724329492,0
2010-04-28,0.2857142857142857,0.0,0,-2629.0,4.998743386669588,-1.200000000000001,164.0,0.10557252348298501,0.08727956315460003,-0.09999999999999964,12.389380530973451,1.0809136508185786,4.790503873391058,0
2010-05-09,0.2,0.0,0,-1710.0,5.5040217747164215,-0.9000000000000004,251.0,1.7452658449103253,0.14869306620753925,0.0,25.222551928783382,0.48450095056860387,4.9954131001495785,0
2010-06-23,0.13333333333333333,0.0,0,-825.0,3.8314713436279164,-0.1999999999999993,530.0,1.7452658449103253,0.05135132118019456,0.3000000000000007,-25.53191489361702,0.48450095056860387,4.734420376663882,0
2010-08-10,-0.18181818181818182,0.0,0,-241.0,2.7645003846590406,0.09999999999999964,-81.0,2.9135950291180013,0.04792474700190824,0.0,-31.143552311435524,0.9675861183123937,4.995399070175946,0
2010-09-21,0.18181818181818182,0.0,0,-56.0,1.6872995749123723,0.09999999999999964,4.0,2.9135950291180013,0.002227990241413381,-0.09999999999999964,-32.535885167464116,0.9675861183123937,4.8679254633017575,0
2010-10-15,0.14285714285714285,0.0,0,99.0,4.956095321298074,0.3000000000000007,-85.0,2.9135950291180013,0.09580144593344976,0.0,-17.875647668393782,0.9675861183123937,4.788477945968204,-1
2010-11-03,-0.13333333333333333,-0.5,0,99.0,4.956095321298074,0.3000000000000007,-85.0,3.3442092537792205,0.056758110288800775,0.0,-17.875647668393782,0.771084936047321,4.8348186461772436,0
2010-12-14,0.0,0.0,-1,695.0,5.440713569297344,0.09999999999999964,134.0,3.3442092537792205,0.15238137610393127,-0.40000000000000036,-23.466666666666665,0.771084936047321,4.5077481459129265,0
2011-01-26,0.1,0.0,0,1027.0,5.168125808599098,0.5999999999999996,81.0,3.3442092537792205,0.12993791855001524,0.5,-7.386363636363637,0.771084936047321,4.571944899864676,0
2011-03-15,0.0851063829787234,0.0,0,1352.0,5.911734476448322,0.8000000000000007,210.0,2.7759609093124733,0.21401878486121806,0.09999999999999964,-19.642857142857142,0.525110260826861,4.664714349834862,0
2011-04-27,0.09090909090909091,0.0,0,1413.0,4.130456130014239,0.9000000000000004,225.0,2.7759609093124733,0.17483291284911395,0.0,-21.25984251968504,0.525110260826861,4.797403983556761,0
2011-06-22,0.030303030303030304,0.0,0,1059.0,3.789520202795185,0.5999999999999996,100.0,2.037797199613346,0.22941092128337587,0.09999999999999964,8.928571428571429,-0.237204897109015,4.754975456307741,0
2011-08-09,-0.3333333333333333,0.0,0,1571.0,4.237693752070984,0.40000000000000036,55.0,1.7437088645502035,0.10978032956055872,0.09999999999999964,4.593639575971731,0.6765822931436601,5.149084314437937,-1
2011-09-21,-0.07142857142857142,-0.5,0,1700.0,3.7085250851041724,0.5,133.0,1.7437088645502035,0.14804092509128192,0.0,6.028368794326241,0.6765822931436601,5.371268375893914,0
2011-11-02,-0.05555555555555555,0.0,-1,2006.0,3.915814544106836,0.5,221.0,0.9426534645672292,0.06775363902609348,0.0,-4.100946372239748,-0.022312735917136298,5.282161781628895,0
2011-12-13,0.10204081632653061,0.0,0,1947.0,3.0152196802909925,1.200000000000001,144.0,0.9426534645672292,0.048050671617354095,0.20000000000000107,14.285714285714285,-0.022312735917136298,5.123011776467431,0
2012-01-25,0.041666666666666664,0.0,0,2066.0,2.901077901525783,0.8000000000000007,200.0,0.9426534645672292,0.21175802824896042,0.09999999999999964,4.601226993865031,-0.022312735917136298,5.247721196331437,0
2012-03-13,0.12727272727272726,0.0,0,2466.0,3.702432587560726,0.6999999999999993,272.0,1.5430758716065247,0.29904306220096316,0.0,35.55555555555556,1.1230490567579874,5.897497795642328,0
2012-04-25,0.04878048780487805,0.0,0,2467.0,3.4385203871135057,0.8000000000000007,226.0,1.5430758716065247,0.13986013986014514,0.10000000000000142,18.0,1.1230490567579874,5.844050644698372,-1
2012-06-20,0.11904761904761904,-0.5,0,2231.0,3.1957988610087704,0.8000000000000007,108.0,2.638069310886242,0.15131699830308856,0.0,21.311475409836063,0.8385908199716599,5.91901220954246,0
2012-08-01,0.1111111111111111,0.0,-1,2071.0,1.579515583927901,0.9000000000000004,72.0,2.4033358391379123,0.10242035469785875,0.0,19.601328903654487,0.4463347461653046,5.698344581072401,-1
2012-09-13,0.14893617021276595,-0.5,0,2206.0,3.0791261764029914,0.9000000000000004,177.0,2.4033358391379123,0.10339256865913155,0.09999999999999964,25.418060200668897,0.4463347461653046,5.619025137528724,0
2012-10-24,0.17307692307692307,0.0,-1,2167.0,2.5655717576622195,1.2000000000000002,182.0,2.4033358391379123,0.06347771824499979,0.2999999999999998,26.644736842105267,0.4463347461653046,5.412111368678164,-1
2012-12-12,0.17391304347826086,-0.5,0,2133.0,2.2788515145883665,0.8999999999999995,163.0,2.5737123144880445,0.24270020081830676,0.09999999999999964,19.51219512195122,0.14402799732294227,5.643214663810706,0
2013-01-30,0.04081632653061224,0.0,-1,2174.0,2.59353618125156,0.5999999999999996,241.0,2.5737123144880445,0.10712946595960611,-0.20000000000000018,17.008797653958943,0.14402799732294227,5.483644367972112,0
2013-03-20,0.08333333333333333,0.0,0,2026.0,2.16428726305819,0.6000000000000005,279.0,1.551852007332467,0.2021087751566687,0.2999999999999998,22.131147540983605,0.11564055376036438,5.041713626151078,0
2013-05-01,0.2391304347826087,0.0,0,1945.0,1.5846153846153848,0.6999999999999993,145.0,1.7008684857094174,0.09167954799850596,0.20000000000000018,25.423728813559322,0.9865606638638367,5.274707286378464,1
2013-06-19,0.1590909090909091,1.0,0,2156.0,2.3959748081672885,0.6999999999999993,215.0,1.7008684857094174,0.04899298122289918,0.09999999999999964,15.675675675675677,0.9865606638638367,5.000103746038693,0
2013-07-31,0.2631578947368421,0.0,1,2262.0,3.2392966890783486,0.6999999999999993,178.0,1.519938204107002,0.1170997583486799,0.0,30.555555555555557,0.267636334812919,5.023885042677325,0
2013-09-18,0.2857142857142857,0.0,0,2305.0,2.213062269889547,0.8999999999999995,244.0,1.519938204107002,0.12737636531540547,0.09999999999999964,1.6,0.267636334812919,5.086573148446895,0
2013-10-30,0.18181818181818182,0.0,0,2307.0,1.955284969958158,0.5999999999999996,184.0,1.519938204107002,0.10813217568298601,0.0,4.675324675324675,0.267636334812919,5.154508372074676,1
2013-12-18,0.1702127659574468,1.0,0,2480.0,1.9839196892956914,0.7999999999999998,275.0,2.237022493295511,0.1692351628359546,0.2999999999999998,13.77551020408163,0.8513935690843849,5.244002890853556,0
2014-01-29,0.25,0.0,1,2293.0,1.9255354051883111,1.2000000000000002,54.0,2.237022493295511,0.16578144303770365,0.20000000000000018,8.521303258145362,0.8513935690843849,5.333165256714123,0
2014-03-19,0.15384615384615385,0.0,0,2163.0,0.7215982395683815,1.0,155.0,3.0091449601746314,0.10846558060676956,-0.10000000000000053,-6.0402684563758395,0.8717417534272659,5.452242169328059,0
2014-04-30,0.21428571428571427,0.0,0,2297.0,2.0097486552128383,0.7999999999999998,279.0,1.6508175559380203,0.047336531178997,0.0,-8.783783783783784,-0.3450959852847698,5.358726614617678,0
2014-06-18,0.18421052631578946,0.0,0,2410.0,2.589516571339027,1.2000000000000002,203.0,1.6508175559380203,0.17112860892388107,-0.09999999999999964,5.373831775700935,-0.3450959852847698,5.229398952020119,0
2014-07-30,0.08571428571428572,0.0,0,2564.0,2.7074055009735245,1.4000000000000004,332.0,1.6508175559380203,0.1687401087902082,0.20000000000000018,-11.063829787234042,-0.3450959852847698,5.30798456490534,0
2014-09-17,0.02702702702702703,0.0,0,2623.0,3.55562764630538,1.1000000000000005,182.0,2.6891521587272944,0.17349135678601704,0.10000000000000053,19.68503937007874,1.2918421292132969,5.695890184191873,1
2014-10-29,0.17647058823529413,0.5,0,2744.0,3.2496142061592828,1.2999999999999998,305.0,2.6891521587272944,0.03860278774727291,0.1999999999999993,16.62531017369727,1.2918421292132969,5.590031100180337,0
2014-12-17,0.2073170731707317,0.0,1,2775.0,3.640109125327098,1.1000000000000005,284.0,3.059782928201687,0.08644662701925615,-0.09999999999999964,-0.8968609865470852,1.2153914093167995,5.849202576433707,1
2018-01-31,0.2727272727272727,0.0,0,2113.0,3.1202040731676965,0.6000000000000005,144.0,2.9941434967617666,0.048763011762825055,0.10000000000000053,12.299465240641712,1.127046626769269,6.545738418830126,1
2018-03-21,0.18604651162790697,0.25,0,2213.0,2.024063812442601,0.5,388.0,2.9941434967617666,0.3218020917135942,-0.09999999999999964,5.281090289608177,1.127046626769269,6.982163274532318,0
2018-05-02,0.14,0.0,1,2306.0,2.058905567206273,0.40000000000000036,223.0,3.328810094759126,0.2183837625249547,0.09999999999999964,7.436708860759493,0.8134098018182265,7.550790828940925,1
2018-06-13,0.125,0.25,0,2366.0,3.2981591790052214,0.6000000000000005,329.0,3.328810094759126,0.180439562606619,0.20000000000000018,4.251968503937007,0.8134098018182265,7.513345003501056,0
2018-08-01,0.14285714285714285,0.0,1,2378.0,2.4971254440737742,0.2999999999999998,211.0,3.2989628465220173,0.09039103949695299,-0.20000000000000018,2.7463651050080773,0.5308251410129666,7.680862234253297,1
2018-09-26,0.22448979591836735,0.25,0,2365.0,3.1039240918463853,0.6000000000000005,250.0,3.2989628465220173,0.1315376158316322,0.0,6.654676258992806,0.5308251410129666,7.703209297664234,0
2018-11-08,0.2391304347826087,0.0,1,2379.0,1.6566579037023101,0.40000000000000036,165.0,3.130030640718673,0.18526505646172456,-0.09999999999999964,-11.501597444089457,0.6236974253114412,7.725326811649653,1
2018-12-19,0.13432835820895522,0.25,0,2245.0,1.3259707549503075,0.40000000000000036,96.0,3.130030640718673,0.1575265397974672,0.0,-12.09563994374121,0.6236974253114412,7.59124495982461,0
2019-01-30,0.13953488372093023,0.0,1,2284.0,-1.2026748453919252,0.19999999999999973,183.0,3.130030640718673,0.1856085028232008,-0.10000000000000009,-13.333333333333334,0.6236974253114412,7.800251657062683,0
2019-03-20,0.1518987341772152,0.0,0,2034.0,-0.07029397039561851,0.2999999999999998,-22.0,2.125110751484537,0.13919306954786653,0.20000000000000018,3.2362459546925564,0.14164421911572167,7.404234912002529,0
2019-05-01,0.2222222222222222,0.0,0,2039.0,1.222264960725565,0.20000000000000018,228.0,1.8512850454525807,0.08741343641644092,0.0,3.829160530191458,0.5431011293150682,7.276390269672783,0
2019-06-19,0.22972972972972974,0.0,0,1875.0,0.5435817276379996,0.09999999999999964,67.0,1.8512850454525807,0.21834273015749234,-0.10000000000000009,-9.06344410876133,0.5431011293150682,7.134616163865056,-1
2019-07-31,0.07792207792207792,-0.25,0,1831.0,1.1716116829152958,0.3999999999999999,167.0,2.1540533335291916,0.10360787807192451,0.10000000000000009,19.968553459119498,0.8296681631043464,7.025661702758011,-1
2019-09-18,0.08,-0.25,-1,1839.0,1.989945013358195,0.09999999999999964,232.0,2.1540533335291916,0.11584577066399374,0.0,21.41652613827993,0.8296681631043464,7.342555102899093,0
2019-10-04,0.20408163265306123,0.0,-1,1957.0,1.8762483103677852,0.20000000000000018,207.0,2.1540533335291916,0.10124775808536052,0.20000000000000018,20.168067226890756,0.8296681631043464,7.481994028856802,-1
2019-10-30,0.1511627906976744,-0.25,0,1957.0,1.8762483103677852,0.20000000000000018,207.0,2.1540533335291916,0.10124775808536052,0.20000000000000018,20.168067226890756,0.8296681631043464,7.481994028856802,0
2019-12-11,0.1282051282051282,0.0,-1,2040.0,1.1173323503332568,0.19999999999999973,215.0,2.6702647849291323,0.15304796465458906,0.0,13.600000000000001,1.1321755835256455,7.627672944590755,0
2020-01-29,0.11475409836065574,0.0,0,1959.0,3.390365296338894,0.2999999999999998,102.0,2.6702647849291323,0.017299707827157354,0.0,26.923076923076923,1.1321755835256455,7.371536879878573,-1
2020-03-03,0.12903225806451613,-0.5,0,1984.0,2.5107988629581297,0.5,334.0,3.1825560700352042,0.18795730684030146,0.10000000000000009,15.905245346869712,0.6413185086201968,7.569695708357335,-1
2020-03-15,0.11764705882352941,-1.0,-1,2279.0,2.553111810609204,0.2999999999999998,273.0,3.1825560700352042,0.18795730684030146,0.0,9.561128526645767,0.6413185086201968,7.569695708357335,0
2020-03-23,0.0,0.0,0,2279.0,2.553111810609204,0.2999999999999998,273.0,3.1825560700352042,0.18795730684030146,0.0,9.561128526645767,0.6413185086201968,7.569695708357335,0
2020-03-31,0.05,0.0,0,2279.0,2.553111810609204,0.2999999999999998,273.0,3.1825560700352042,0.18795730684030146,0.0,9.561128526645767,0.6413185086201968,7.569695708357335,0
2020-04-29,-0.041666666666666664,0.0,0,624.0,-7.389036945184727,-0.6000000000000005,-1427.0,3.1825560700352042,0.1809045226130722,-0.9000000000000004,-13.617021276595745,0.6413185086201968,7.725208025108525,0
2020-06-10,-0.05263157894736842,0.0,0,-17575.0,-5.3949682839446504,-9.5,2625.0,1.226554788967989,-0.3336966706825041,1.5,15.614617940199334,-1.3628647829649698,5.722341410083709,0
2020-07-29,0.058823529411764705,0.0,0,-13177.0,2.055043134525023,-7.4,4565.0,1.226554788967989,0.12183773516122832,2.1999999999999993,22.673656618610746,-1.3628647829649698,5.74991261194988,0
2020-08-27,0.15789473684210525,0.0,0,-11815.0,2.4958501304244725,-6.499999999999999,1444.0,-7.528460210503718,0.15618412479398708,0.8000000000000007,52.3168908819133,-7.891020385469473,1.3628746092229598,0
2020-09-16,0.1232876712328767,0.0,0,-10312.0,2.531539811178879,-4.7,1735.0,-7.528460210503718,0.36928257770719114,1.799999999999999,42.916666666666664,-7.891020385469473,1.7460393604881372,0
2020-11-05,0.11475409836065574,0.0,0,-8968.0,4.583085759556347,-3.3000000000000003,719.0,-1.468931476716716,0.15299964838590252,1.0,42.44105409153953,7.759223486629499,5.721168550094861,0
2020-12-16,0.04838709677419355,0.0,0,-8919.0,2.911980452142727,-3.1,264.0,-1.468931476716716,0.07590853022108197,0.20000000000000018,21.549295774647888,7.759223486629499,5.603966994155093,0
2021-01-27,0.12,0.0,0,-9289.0,3.3525300255955894,-3.1,-268.0,-1.468931476716716,0.07774722669954286,0.0,25.97402597402597,7.759223486629499,5.69586155840476,0
2021-03-17,0.14102564102564102,0.0,0,-8827.0,3.869783416482849,-2.7,575.0,-1.083285030352596,0.3475009206885759,0.09999999999999964,9.44206008583691,1.0352243844209597,6.4299771338371325,0
2021-04-28,0.19718309859154928,0.0,0,-6616.0,25.45391721241112,-1.6999999999999993,784.0,-1.083285030352596,0.21831801029482278,0.10000000000000053,39.57307060755337,1.0352243844209597,6.486956884689525,0
2021-06-16,0.18032786885245902,0.0,0,12041.0,20.741072369114082,7.3999999999999995,482.0,1.5726073238882172,0.6068539903688821,0.2999999999999998,2.7298850574712645,1.285520915524168,9.100996612660577,0
2021-07-28,0.06666666666666667,0.0,0,8169.0,11.938240567508576,5.1,693.0,1.5726073238882172,0.532557577560094,-0.10000000000000053,-23.504273504273502,1.285520915524168,9.73614365651282,0
2021-09-22,0.16417910447761194,0.0,0,6422.0,8.499501495513458,3.2,663.0,11.950272211519618,0.4279600570613441,0.20000000000000018,-32.94460641399417,1.5197464419807027,10.797451016181098,0
2021-11-03,0.1232876712328767,0.0,0,6018.0,6.948631943921008,3.1000000000000005,557.0,4.735316794710937,0.20647188876098513,0.40000000000000036,-24.898785425101213,0.8143721892875653,11.047238814765368,0
2021-12-15,0.20967741935483872,0.0,0,6430.0,9.790330301579703,2.5,614.0,4.735316794710937,0.4859414317493903,0.2999999999999998,-10.544611819235227,0.8143721892875653,11.686862149901865,0
2022-01-26,0.12121212121212122,0.0,0,7267.0,7.768215610727196,2.8000000000000003,569.0,4.735316794710937,0.5089958899262428,0.30000000000000027,-4.925544100801833,0.8143721892875653,12.362324489528643,1
2022-03-16,0.029411764705882353,0.25,0,7466.0,9.094061922475758,2.4000000000000004,904.0,5.42109178248657,0.4728747554869632,0.20000000000000018,1.045751633986928,1.6967722928780766,13.57735983709028,1
2022-05-04,0.08955223880597014,0.5,1,7064.0,0.6377145410947719,2.4999999999999996,254.0,3.5650820052708414,0.3948913159486182,0.0,-24.567901234567902,-0.4976793334115102,13.34836506212426,1
2022-06-15,0.028169014084507043,0.75,1,6946.0,1.080531672184925,2.1999999999999997,364.0,3.5650820052708414,0.32600992204111373,0.0,-11.048951048951048,-0.4976793334115102,12.906402521004331,1
2022-07-27,0.057971014492753624,0.75,1,6623.0,0.4983656219124182,2.3000000000000003,370.0,3.5650820052708414,0.3602712630686645,0.0,-21.368715083798882,-0.4976793334115102,12.63583367084404,1
2022-09-21,0.08955223880597014,0.75,1,6111.0,1.7618265033840497,1.5,352.0,1.8705984510977718,0.20735452374078844,-0.20000000000000018,-7.536231884057972,-0.14127228594345737,12.157009112085014,1
2022-11-02,0.1016949152542373,0.75,1,5904.0,0.7417783298534943,1.2999999999999998,350.0,1.7132131361220337,0.45850049497213025,0.20000000000000018,-23.58490566037736,0.6586186945369775,13.02374365522473,1
2022-12-14,0.11666666666666667,0.5,1,5123.0,-1.005441417559036,0.6000000000000001,290.0,1.7132131361220337,0.3466279411510435,0.10000000000000009,-24.61139896373057,0.6586186945369775,12.804404254678166,1
2023-02-01,0.12162162162162163,0.25,1,4793.0,-0.4348556226301694,0.3999999999999999,239.0,0.6516916593409237,0.3874004655677379,0.10000000000000009,-23.373493975903614,0.6354223995880561,12.549653913341485,1
2023-03-22,0.07792207792207792,0.25,1,4245.0,-0.6837055972407907,0.19999999999999973,248.0,0.6516916593409237,0.5074100694801003,-0.20000000000000018,-19.146183699870633,0.6354223995880561,12.265884862616703,1
2023-05-03,0.10526315789473684,0.25,1,4048.0,-2.6620410274090673,0.10000000000000009,217.0,1.7179273017444299,0.3359262998057403,0.10000000000000009,-9.476661951909476,0.5563806535349065,12.15379369650995,0
2023-06-14,0.08791208791208792,0.0,1,3928.0,-1.938579985844741,-0.10000000000000009,281.0,1.7179273017444299,0.3069014787071243,-0.30000000000000027,11.635220125786164,0.5563806535349065,12.12385770334759,1
2023-07-26,0.12643678160919541,0.25,0,3663.0,-1.5734356593444667,0.0,105.0,1.7179273017444299,0.288262166854907,0.10000000000000009,21.314387211367674,0.5563806535349065,12.011105584766176,0
2023-09-20,0.08421052631578947,0.0,1,3144.0,-0.8409161949084847,-0.09999999999999964,165.0,2.3824681594386568,0.11997751470353867,-0.2999999999999998,2.507836990595611,0.5111220984456092,11.295164175361034,0
2023-11-01,0.022727272727272728,0.0,0,3056.0,0.29513873706855087,-0.2999999999999998,262.0,2.9268869981759345,0.3290107074985983,0.0,23.456790123456788,1.1938709626620079,10.97082051123968,0
